year,,,,,,,,,,,,,,,,,,,,,,,,
1996,小島伸幸,柳本啓成,相馬直樹,井原正巳,小村徳男,山口素弘,本田泰人,前園真聖,高木琢也,名波浩,三浦知良,路木龍次,服部年宏,岡野雅行,森島寛晃,斉藤俊秀,秋田豊,城彰二,下川健一,楢崎正剛,,,,
1998,小島伸幸,名良橋晃,相馬直樹,井原正巳,小村徳男,山口素弘,伊東輝悦,中田英寿,中山雅史,名波浩,小野伸二,呂比須,服部年宏,岡野雅行,森島寛晃,斉藤俊秀,秋田豊,城彰二,中西永輔,川口能活,楢崎正剛,平野孝,,
1999,川口能活,斉藤俊秀,相馬直樹,井原正巳,秋田豊,服部年宏,伊東輝悦,望月重良,吉原宏太,名波浩,呂比須,城彰二,藤田俊哉,鈴木秀人,田坂和昭,奥大介,森岡隆三,安藤正裕,三浦淳宏,楢崎正剛,岡野雅行,福西崇史,,
2000,川口能活,松田直樹,森岡隆三,西澤明訓,望月重良,三浦淳宏,森島寛晃,柳沢敦,中村俊輔,奥大介,稲本潤一,久保竜彦,高桑大二朗,下田崇,中澤佑二,明神智和,海本慶治,北嶋秀朗,高原直泰,小野伸二,,,,
2001,川口能活,上村健一,松田直樹,森岡隆三,稲本潤一,服部年宏,中田英寿,森島寛晃,西澤明訓,三浦淳宏,中山雅史,楢崎正剛,山下芳輝,伊東輝悦,藤田俊哉,中田浩二,明神智和,戸田和幸,久保竜彦,波戸康広,小野伸二,鈴木隆行,都築龍太,
2002,川口能活,秋田豊,松田直樹,森岡隆三,稲本潤一,服部年宏,中田英寿,森島寛晃,西澤明訓,中山雅史,鈴木隆行,楢崎正剛,柳沢敦,三都主アレサンドロ,福西崇史,中田浩二,宮本恒靖,小野伸二,小笠原満男,明神智和,戸田和幸,市川大祐,曽ヶ端準,
2003,楢崎正剛,名良橋晃,秋田豊,森岡隆三,稲本潤一,服部年宏,中田英寿,小笠原満男,大久保嘉人,中村俊輔,松井大輔,土肥洋一,奥大介,三都主アレサンドロ,明神智和,中田浩二,宮本恒靖,永井雄一郎,遠藤保仁,高原直泰,坪井慶介,山田暢久,川口能活,
2003,楢崎正剛,山田暢久,坪井慶介,茂庭照幸,宮本恒靖,三浦淳宏,石川直宏,小笠原満男,久保竜彦,黒部光昭,都築龍太,本山雅志,福西崇史,三都主アレサンドロ,奥大介,山田卓也,阿部勇樹,大久保嘉人,遠藤保仁,加地亮,中澤佑二,土肥洋一,,
2004,楢崎正剛,田中誠,遠藤保仁,宮本恒靖,中田浩二,中村俊輔,鈴木隆行,小笠原満男,土肥洋一,藤田俊哉,三浦淳宏,松田直樹,福西崇史,三都主アレサンドロ,本山雅志,玉田圭司,茶野隆行,山田卓也,川口能活,加地亮,中澤佑二,西紀寛,,
2005,楢崎正剛,田中誠,遠藤保仁,宮本恒靖,茶野隆行,土肥洋一,小笠原満男,大黒将志,中田浩二,中田英寿,玉田圭司,中村俊輔,三都主アレサンドロ,鈴木隆行,土肥洋一,柳沢敦,福西崇史,三浦淳宏,稲本潤一,本山雅志,坪井慶介,加地亮,茂庭照幸,川口能活
2005,楢崎正剛,田中誠,茶野隆行,遠藤保仁,宮本恒靖,小笠原満男,巻誠一郎,土肥洋一,福西崇史,大黒将志,駒野友一,本山雅志,坪井慶介,三都主アレサンドロ,加地亮,中澤佑二,川口能活,村井慎二,今野泰幸,田中達也,玉田圭司,茂庭照幸,阿部勇樹,
2006,楢崎正剛,茂庭照幸,駒野友一,遠藤保仁,宮本恒靖,中田浩二,中田英寿,小笠原満男,高原直泰,中村俊輔,巻誠一郎,土肥洋一,柳沢敦,三都主アレサンドロ,福西崇史,大黒将志,稲本潤一,小野伸二,坪井慶介,玉田圭司,加地亮,中澤佑二,川口能活,
2007,川口能活,今野泰幸,駒野友一,田中マルクス闘莉王,坪井慶介,阿部勇樹,遠藤保仁,羽生直剛,山岸智,中村俊輔,佐藤寿人,巻誠一郎,鈴木啓太,中村憲剛,水野晃樹,楢崎正剛,高原直泰,矢野貴章,川島永嗣,三都主アレサンドロ,中澤佑二,橋本英郎,太田吉彰,伊野波雅彦
2008,川口能活,今野泰幸,駒野友一,岩政大樹,安田理大,遠藤保仁,羽生直剛,山岸智,山瀬功治,播戸竜二,田代有三,鈴木啓太,中村憲剛,水本裕貴,前田遼一,楢崎正剛,矢野貴章,三都主アレサンドロ,中澤佑二,川島永嗣,橋本英郎,内田篤人,,
2010,楢崎正剛,阿部勇樹,駒野友一,田中マルクス闘莉王,長友佑都,内田篤人,遠藤保仁,稲本潤一,岡崎慎司,玉田圭司,岩政大樹,佐藤寿人,中村憲剛,今野泰幸,大久保嘉人,香川真司,川島永嗣,平山相太,徳永悠平,中澤佑二,西川周作,小笠原満男,金崎夢生,
2010,楢崎正剛,阿部勇樹,駒野友一,田中マルクス闘莉王,長友佑都,内田篤人,遠藤保仁,松井大輔,岡崎慎司,中村俊輔,玉田圭司,矢野貴章,岩政大樹,中村憲剛,今野泰幸,大久保嘉人,長谷部誠,本田圭佑,森本貴幸,稲本潤一,川島永嗣,中澤佑二,川口能活,
2011,川島永嗣,伊野波雅彦,岩政大樹,今野泰幸,長友佑都,内田篤人,遠藤保仁,松井大輔,岡崎慎司,香川真司,前田遼一,森脇良太,細貝萌,藤本淳吾,本田拓也,柏木陽介,長谷部誠,本田圭佑,李忠成,永田充,西川周作,吉田麻也,権田修一,
2013,川島永嗣,伊野波雅彦,酒井高徳,本田圭佑,長友佑都,内田篤人,遠藤保仁,清武弘嗣,岡崎慎司,香川真司,ハーフナーマイク,西川周作,細貝萌,中村憲剛,今野泰幸,栗原勇蔵,長谷部誠,前田遼一,乾貴士,高橋秀人,酒井宏樹,吉田麻也,権田修一,
2013,林卓人,駒野友一,森脇良太,槙野智章,徳永悠平,工藤壮人,原口元気,西川周作,山田大記,栗原勇蔵,山口蛍,高橋秀人,大迫勇也,権田修一,鈴木大輔,青山敏弘,高萩洋次郎,柿谷曜一朗,扇原貴宏,齋藤学,豊田陽平,千葉和彦,森重真人,
2014,川島永嗣,内田篤人,酒井高徳,本田圭佑,長友佑都,森重真人,遠藤保仁,清武弘嗣,岡崎慎司,香川真司,柿谷曜一朗,西川周作,大久保嘉人,青山敏弘,今野泰幸,山口蛍,長谷部誠,大迫勇也,伊野波雅彦,齋藤学,酒井宏樹,吉田麻也,権田修一,
2015,川島永嗣,植田直通,太田宏介,本田圭佑,長友佑都,森重真人,遠藤保仁,清武弘嗣,岡崎慎司,香川真司,豊田陽平,西川周作,小林悠,武藤嘉紀,今野泰幸,塩谷司,長谷部誠,乾貴士,昌子源,柴崎岳,酒井高徳,吉田麻也,東口順昭,
2015,東口順昭,谷口彰悟,太田宏介,水本裕貴,槙野智章,森重真人,柴崎岳,藤田直之,永井謙佑,興梠慎三,宇佐美貴史,西川周作,倉田秋,藤春廣輝,丹羽大輝,山口蛍,米本拓司,武藤雄樹,浅野拓磨,川又堅碁,遠藤航,米倉恒貴,六反勇治,
2018,川島永嗣,植田直通,昌子源,本田圭佑,長友佑都,遠藤航,柴崎岳,原口元気,岡崎慎司,香川真司,宇佐美貴史,東口順昭,武藤嘉紀,乾貴士,大迫勇也,山口蛍,長谷部誠,大島僚太,酒井宏樹,槙野智章,酒井高徳,吉田麻也,中村航輔,
